R,Homepage.1,1449491788287,459,false,303,475,301,http://www.katespade.co.uk/,text/html,46,0,44,0,94,94,
R,Homepage.1.1,1449491788768,480,false,315,107816,200,http://www.katespade.co.uk/uk/page/home,text/html,0,0,398,76,398,474,
R,Homepage.1.2,1449491789429,47,false,427,954,200,http://www.katespade.co.uk/content/ebiz/shop/resources/images/additional-images/social-icons/instagram.svg,image/svg+xml,0,0,40,0,40,40,
R,Homepage.1.4,1449491789429,89,false,431,794,200,http://www.katespade.co.uk/content/ebiz/shop/resources/images/additional-images/social-icons/youtube-hover.svg,image/svg+xml,38,0,49,0,87,87,
R,Homepage.1.6,1449491789489,45,false,430,738,200,http://www.katespade.co.uk/content/ebiz/shop/resources/images/additional-images/social-icons/tumblr-hover.svg,image/svg+xml,0,0,41,0,41,41,
R,Homepage.1.7,1449491789519,41,false,359,1493,200,http://www.katespade.co.uk/favicon.ico,image/x-icon,0,0,39,0,39,39,
R,Homepage.1.9,1449491789569,50,false,433,1662,200,http://www.katespade.co.uk/content/ebiz/shop/resources/images/additional-images/social-icons/instagram-hover.svg,image/svg+xml,0,0,42,1,42,43,
R,Homepage.1.8,1449491789539,190,false,446,97180,200,http://www.katespade.co.uk/content/ebiz/shop/resources/images/additional-images/november2015/homepage/pop-promo/pop-promo.jpg,image/jpeg,0,0,40,143,40,183,
R,Homepage.1.5,1449491789429,361,false,434,480006,200,http://www.katespade.co.uk/content/ebiz/shop/resources/js/minified/9d17c6e19a19a2ac44e00d14c792cc4e.js?1449131569,application/x-javascript,38,0,43,277,82,359,
R,Homepage.1.11,1449491789749,56,false,425,794,200,http://www.katespade.co.uk/content/ebiz/shop/resources/images/additional-images/social-icons/youtube.svg,image/svg+xml,0,0,40,0,40,40,
R,Homepage.1.12,1449491789789,69,false,408,93554,200,http://www.katespade.co.uk/content/ebiz/shop/resources/js/external/jquery-1.10.2.min.js,application/x-javascript,0,0,39,19,39,58,
R,Homepage.1.13,1449491789809,58,false,433,879,200,http://www.katespade.co.uk/content/ebiz/shop/resources/images/additional-images/social-icons/pinterest-hover.svg,image/svg+xml,0,0,48,0,48,48,
R,Homepage.1.10,1449491789619,269,false,334,120507,200,http://fsm.attraqt.com/zones/481af397-d4d4-4fc2-9523-5d6ebd636e29.js,application/javascript,41,0,48,145,89,234,
R,Homepage.1.14,1449491789879,45,false,402,1582,200,http://www.katespade.co.uk/content/ebiz/shop/page/topbarhelp/icon-track-order.png,image/png,0,0,38,1,38,39,
R,Homepage.1.15,1449491789879,52,false,444,20840,200,http://www.katespade.co.uk/content/ebiz/shop/resources/images/additional-images/september2015/mega/sept-mega-collection.jpg,image/jpeg,0,0,40,8,40,48,
R,Homepage.1.16,1449491789889,49,false,401,2876,200,http://www.katespade.co.uk/content/ebiz/shop/resources/images/logo_jackspade.svg,image/svg+xml,0,0,45,0,45,45,
R,Homepage.1.17,1449491789929,52,false,433,19282,200,http://www.katespade.co.uk/content/ebiz/shop/resources/images/additional-images/november2015/homepage/03-mob.jpg,image/jpeg,0,0,39,4,39,43,
R,Homepage.1.19,1449491789939,54,false,431,12189,200,http://www.katespade.co.uk/content/ebiz/shop/resources/images/additional-images/november2015/megamenu/blog.jpg,image/jpeg,0,0,40,3,40,43,
R,Homepage.1.20,1449491789979,50,false,432,606,200,http://www.katespade.co.uk/content/ebiz/shop/resources/images/additional-images/social-icons/facebook-hover.svg,image/svg+xml,0,0,46,0,46,46,
R,Homepage.1.18,1449491789939,95,false,448,46866,200,http://www.katespade.co.uk/content/ebiz/shop/resources/images/additional-images/december2015/homepage/gifts-hero-main-image.jpg,image/jpeg,0,0,39,49,39,88,
R,Homepage.1.21,1449491789999,49,false,368,1263,200,http://www.katespade.co.uk/apple-touch-icon.png,image/png,0,0,44,0,44,44,
R,Homepage.1.3,1449491789429,638,false,716,48897,200,https://cdns.gigya.com/JS/socialize.js?apikey=3_-MbYO6z0WH8S94QI4RRP3FktT41GMGMuJMTqmQ-s8IddgCMaMbxnCxBKmbJ6sGXW,text/javascript,31,186,0,226,388,614,
R,Homepage.1.23,1449491790039,46,false,396,1756,200,http://www.katespade.co.uk/content/ebiz/shop/page/topbarhelp/icon-email.png,image/png,0,0,40,1,40,41,
R,Homepage.1.22,1449491790039,55,false,405,18548,200,http://www.katespade.co.uk/content/ebiz/shop/resources/css/additional.css?=v05052015,text/css,0,0,45,0,45,45,
R,Homepage.1.24,1449491790049,65,false,391,11001,200,http://www.katespade.co.uk/content/ebiz/shop/resources/images/logo.svg,image/svg+xml,0,0,62,0,62,62,
R,Homepage.1.25,1449491790089,82,false,425,805,200,http://www.katespade.co.uk/content/ebiz/shop/resources/images/additional-images/social-icons/twitter.svg,image/svg+xml,0,0,51,0,51,51,
R,Homepage.1.27,1449491790119,66,false,431,805,200,http://www.katespade.co.uk/content/ebiz/shop/resources/images/additional-images/social-icons/twitter-hover.svg,image/svg+xml,0,0,63,0,63,63,
R,Homepage.1.26,1449491790089,96,false,387,209536,200,http://www.katespade.co.uk/content/ebiz/shop/resources/css/app.css,text/css,0,0,44,28,44,72,
R,Homepage.1.29,1449491790179,64,false,444,13779,200,http://www.katespade.co.uk/content/ebiz/shop/resources/images/additional-images/december2015/homepage/gifts-hero-header.jpg,image/jpeg,0,0,50,5,50,55,
R,Homepage.1.30,1449491790189,48,false,427,879,200,http://www.katespade.co.uk/content/ebiz/shop/resources/images/additional-images/social-icons/pinterest.svg,image/svg+xml,0,0,45,0,45,45,
R,Homepage.1.32,1449491790239,45,false,396,1844,200,http://www.katespade.co.uk/content/ebiz/shop/page/topbarhelp/icon-truck.png,image/png,0,0,41,2,41,43,
R,Homepage.1.31,1449491790239,60,false,429,28661,200,http://www.katespade.co.uk/content/ebiz/shop/resources/images/additional-images/november2015/homepage/03.jpg,image/jpeg,0,0,43,14,43,57,
R,Homepage.1.28,1449491790129,245,false,390,319746,200,http://www.katespade.co.uk/content/ebiz/shop/resources/css/styles.css,text/css,43,0,54,147,97,244,
R,Homepage.1.33,1449491790249,124,false,435,17841,200,http://www.katespade.co.uk/content/ebiz/shop/resources/images/additional-images/november2015/megamenu/clothing.jpg,image/jpeg,0,0,46,68,46,114,
R,Homepage.1.35,1449491790310,71,false,426,606,200,http://www.katespade.co.uk/content/ebiz/shop/resources/images/additional-images/social-icons/facebook.svg,image/svg+xml,0,0,64,0,64,64,
R,Homepage.1.34,1449491790300,85,false,390,50079,200,http://www.katespade.co.uk/content/ebiz/shop/resources/js/JsMerged.js,application/x-javascript,0,0,43,32,43,75,
R,Homepage.1.36,1449491790410,42,false,396,1550,200,http://www.katespade.co.uk/content/ebiz/shop/page/topbarhelp/icon-pages.png,image/png,0,0,39,0,39,39,
R,Homepage.1.38,1449491790420,49,false,396,2008,200,http://www.katespade.co.uk/content/ebiz/shop/page/topbarhelp/icon-phone.png,image/png,0,0,41,0,41,41,
R,Homepage.1.40,1449491790460,66,false,434,20610,200,http://www.katespade.co.uk/content/ebiz/shop/resources/images/additional-images/november2015/megamenu/jewelry.jpg,image/jpeg,0,0,41,20,41,61,
R,Homepage.1.37,1449491790420,114,false,301,10590,200,http://cdn.5andp.com/geoip/geoip.js,text/javascript,26,0,50,1,76,77,
R,Homepage.1.41,1449491790470,69,false,408,43982,200,http://www.katespade.co.uk/content/ebiz/shop/resources/js/Venda/Widget/countrySelect.js,application/x-javascript,0,0,47,11,47,58,
R,Homepage.1.42,1449491790530,49,false,401,2318,200,http://www.katespade.co.uk/content/ebiz/shop/resources/images/icon-live-chat.png,image/png,0,0,44,0,44,44,
R,Homepage.1.43,1449491790540,57,false,437,16873,200,http://www.katespade.co.uk/content/ebiz/shop/resources/images/additional-images/november2015/megamenu/gift-guide.jpg,image/jpeg,0,0,42,7,42,49,
R,Homepage.1.44,1449491790550,53,false,424,738,200,http://www.katespade.co.uk/content/ebiz/shop/resources/images/additional-images/social-icons/tumblr.svg,image/svg+xml,0,0,44,0,44,44,
R,Homepage.1.45,1449491790580,46,false,433,18764,200,http://www.katespade.co.uk/content/ebiz/shop/resources/images/additional-images/november2015/homepage/05-mob.jpg,image/jpeg,0,0,39,5,39,44,
R,Homepage.1.46,1449491790600,47,false,432,15786,200,http://www.katespade.co.uk/content/ebiz/shop/resources/images/additional-images/november2015/megamenu/shoes.jpg,image/jpeg,0,0,40,3,40,43,
R,Homepage.1.47,1449491790600,46,false,398,1726,200,http://www.katespade.co.uk/content/ebiz/shop/page/topbarhelp/icon-returns.png,image/png,0,0,44,0,44,44,
R,Homepage.1.39,1449491790420,244,false,444,134744,200,http://www.katespade.co.uk/content/ebiz/shop/resources/images/additional-images/november2015/homepage/pop-promo/pop-mob.jpg,image/jpeg,0,0,43,198,43,241,
R,Homepage.1.48,1449491790630,45,false,404,2191,200,http://www.katespade.co.uk/content/ebiz/shop/resources/js/external/le-mtagconfig.js,application/x-javascript,0,0,42,0,42,42,
R,Homepage.1.50,1449491790650,48,false,394,3751,200,http://www.katespade.co.uk/content/ebiz/shop/resources/images/loading.gif,image/gif,0,0,43,2,43,45,
R,Homepage.1.49,1449491790650,53,false,435,15025,200,http://www.katespade.co.uk/content/ebiz/shop/resources/images/additional-images/november2015/megamenu/handbags.jpg,image/jpeg,0,0,45,3,45,48,
R,Homepage.1.51,1449491790670,44,false,429,10632,200,http://www.katespade.co.uk/content/ebiz/shop/resources/images/additional-images/november2015/homepage/05.jpg,image/jpeg,0,0,38,3,38,41,
R,Homepage.1.52,1449491790680,49,false,438,19041,200,http://www.katespade.co.uk/content/ebiz/shop/resources/images/additional-images/november2015/megamenu/accessories.jpg,image/jpeg,0,0,40,5,40,45,
R,Homepage.1.53,1449491790700,87,false,439,35571,200,http://www.katespade.co.uk/content/ebiz/shop/resources/images/additional-images/november2015/megamenu/new-arrivals.jpg,image/jpeg,0,0,39,46,39,85,
R,Homepage.1.54,1449491792141,139,false,318,44048,200,http://www.googletagmanager.com/gtm.js?id=GTM-524FM8,application/javascript,29,0,38,37,67,104,
R,Homepage.1,1449491791030,1369,false,881,3591,200,https://geoip.katespade.com/GEOIPv2/geoip.php?source=katespade.co.uk&dtype=undefined&dmodel=undefined&bname=Firefox&bversion=24.0&oname=Windows&oversion=7&rwidth=1024&rheight=768,text/html,208,697,0,761,434,1195,
R,Homepage.2,1449491792813,75,false,310,26626,200,http://www.google-analytics.com/analytics.js,text/javascript,21,0,25,23,47,70,
R,Homepage.3,1449491795180,29,false,718,386,200,http://www.google-analytics.com/collect?v=1&_v=j40&aip=1&a=533111413&t=pageview&_s=1&dl=http%3A%2F%2Fwww.katespade.co.uk%2Fuk%2Fpage%2Fhome&ul=en-us&de=windows-1252&dt=kate%20spade%20new%20york%20-%20designer%20handbags%2C%20women's%20clothing%2C%20jewelry%2C%20and%20more!&sd=24-bit&sr=1024x768&vp=1192x750&je=0&fl=9.0%20r31&_u=QGAAgAQ~&jid=864883476&cid=674970944.1449491793&tid=UA-53191646-1&gtm=GTM-524FM8&z=1845147095,image/gif,0,0,24,0,24,24,
R,Homepage.1.55,1449491795901,64,false,779,841,302,http://www.google-analytics.com/r/collect?v=1&_v=j40&aip=1&a=533111413&t=event&ni=1&_s=1&dl=http%3A%2F%2Fwww.katespade.co.uk%2Fuk%2Fpage%2Fhome&ul=en-us&de=windows-1252&dt=kate%20spade%20new%20york%20-%20designer%20handbags%2C%20women's%20clothing%2C%20jewelry%2C%20and%20more!&sd=24-bit&sr=1024x768&vp=1192x750&je=0&fl=9.0%20r31&ec=undefined&ea=undefined&_u=SGCAAAQAI~&jid=870708396&cid=674970944.1449491793&tid=UA-53191646-1&_r=1&gtm=GTM-524FM8&cd1=Guest&cd2=ae&cd3=uk&z=1565420691,text/html,0,0,53,0,53,53,
R,Homepage.1.56,1449491795971,216,false,789,4761,302,https://stats.g.doubleclick.net/r/collect?v=1&aip=1&t=dc&_r=3&tid=UA-53191646-1&cid=674970944.1449491793&jid=870708396&_v=j40&z=1565420691,text/html,22,131,0,132,56,188,
R,Homepage.1.57,1449491796191,195,false,780,4439,302,https://www.google.com/ads/ga-audiences?v=1&aip=1&t=sr&_r=4&tid=UA-53191646-1&cid=674970944.1449491793&jid=870708396&_v=j40&z=1565420691,text/html,17,125,0,140,49,189,
R,Homepage.1.58,1449491796397,195,false,779,3957,200,https://www.google.de/ads/ga-audiences?v=1&aip=1&t=sr&_r=4&tid=UA-53191646-1&cid=674970944.1449491793&jid=870708396&_v=j40&z=1565420691&ipr=y,image/gif,22,122,0,133,55,188,
R,Homepage.4,1449491796817,117,false,318,13915,200,http://lptag.liveperson.net/tag/tag.js?site=44275250,application/javascript,38,0,39,4,77,81,
R,Homepage.1.59,1449491797099,128,false,860,388,200,http://fsm.attraqt.com/zones-js.aspx?version=2.20.1&siteId=481af397-d4d4-4fc2-9523-5d6ebd636e29&UID=9108f6e0-b1cd-d5b0-9996-2a3c5092b5bc&SID=292d5501-908c-896d-b876-120a0c53a19d&referrer=&sitereferrer=&pageurl=http%3A%2F%2Fwww.katespade.co.uk%2Fuk%2Fpage%2Fhome&facetmode=html&mergehash=false&currency=GBP&config_categorytree=&config_category=&config_parentcategorytree=&config_parentcategory=&config_usgrref=&config_accessoryskus=&config_pagetype=unknown&config_fsm_sid=292d5501-908c-896d-b876-120a0c53a19d&config_fsm_returnuser=0&config_fsm_currentvisit=07%2F12%2F2015&config_fsm_visitcount=1,text/javascript,39,0,85,2,124,126,
R,Homepage.5,1449491797119,142,false,376,20726,200,http://tags.liveperson.net/lptag/api/account/44275250/configuration/applications/taglets/.jsonp?df=0&s=default,application/x-javascript,52,0,53,2,106,108,
R,Homepage.1.60,1449491797310,35,false,522,965,302,https://stats.g.doubleclick.net/r/collect?t=dc&aip=1&_r=3&v=1&_v=j40&tid=UA-53191646-1&cid=674970944.1449491793&jid=864883476&_u=QGAAgAQ~&z=1406576219,text/html,0,0,30,0,30,30,
R,Homepage.1.61,1449491797350,47,false,506,853,302,https://www.google.com/ads/ga-audiences?v=1&aip=1&t=sr&_r=4&tid=UA-53191646-1&cid=674970944.1449491793&jid=864883476&_v=j40&z=1406576219,text/html,0,1,39,0,40,40,
R,Homepage.1.62,1449491797400,51,false,506,373,200,https://www.google.de/ads/ga-audiences?v=1&aip=1&t=sr&_r=4&tid=UA-53191646-1&cid=674970944.1449491793&jid=864883476&_v=j40&z=1406576219&ipr=y,image/gif,0,0,43,0,43,43,
R,Homepage.6,1449491797320,190,false,329,17661,200,http://server.lon.liveperson.net/hcp/html/mTag.js?site=44275250,application/javascript,36,0,44,91,81,172,
R,Homepage.7,1449491797758,142,false,336,83975,200,http://server.lon.liveperson.net/hc/s-44275250/?cmd=lpTagGetJsSnippets,application/x-javascript,0,0,53,87,53,140,
R,Homepage.8,1449491797942,68,false,504,548,200,http://server.lon.liveperson.net/hc/44275250/?site=44275250&cmd=lpTagRepstateMulti&lpCallId=711087090550-0&c=1&cbf=lpTagConfig.tagPlugins.feedsManager.feeds.repAv._update&sta=-1~1~0,application/x-javascript,0,0,57,0,57,57,
R,Homepage.6,1449491798012,54,false,343,2881,200,http://www.katespade.co.uk/content/ebiz/shop/resources/images/sprite_icon.gif,image/gif,0,0,44,1,44,45,
R,Homepage.9,1449491798022,63,false,614,56397,200,http://server.lon.liveperson.net/hc/44275250/?&site=44275250&cmd=mTagKnockPage&lpCallId=37176077671-432710540374&protV=20&lpjson=1&id=7082710164&javaSupport=false&visitorStatus=INSITE_STATUS&dbut=chat-sales-english-default%7Cnull%7ClpButtonDiv%7C%23chat-sales-english%7Cnull%7ClpButtonDiv%7C,application/x-javascript,0,0,43,16,43,59,
A,Homepage,1449491788267,10044,false
R,Homepage.10,1449491798348,464,false,816,341394,200,https://cdn.5andp.com/brand/katespadeuk/liveperson/LiveChat_Button.jpg,image/jpeg,25,433,0,402,59,461,
R,HomepageAgain.11,1449491798846,785,false,770,5394,200,https://sales.liveperson.net/visitor/liveperson/chat-button/transparent.gif,image/gif,114,536,0,526,241,767,
R,HomepageAgain.12,1449491799670,50,false,1268,4477,200,http://server.lon.liveperson.net/hc/44275250/?&visitor=1718801377548257&msessionkey=622050639829552328&siteContainer=STANDALONE&site=44275250&cmd=mTagStartPage&lpCallId=60418673250-253675477141&protV=20&lpjson=1&page=http%3A//www.katespade.co.uk/uk/page/home&id=7082710164&javaSupport=false&visitorStatus=INSITE_STATUS&activePlugin=none&cobrowse=true&PV%21unit=sales&PV%21Section=Marketing&PV%21Currency=GBP&PV%21HelpHover=false&PV%21CartTotal=0.00&PV%21ErrorCounter=0&PV%21lpTagVer=1.5.1&PV%21visitorActive=1&SV%21language=english&SV%21Country=UK&title=kate%20spade%20new%20york%20-%20designer%20handbags%2C%20women%27s%20clothing%2C%20jewelry%2C%20and%20more%21&cobrowse=true&cookie=44275250-VID%3D1718801377548257%3B%2044275250-SKEY%3D622050639829552328%3B%20HumanClickSiteContainerID_44275250%3DSTANDALONE,application/x-javascript,0,0,43,2,43,45,
R,HomepageAgain.2,1449491799670,51,false,423,475,301,http://www.katespade.co.uk/,text/html,0,0,47,0,47,47,
R,HomepageAgain.13,1449491799750,65,false,640,626,200,http://server.lon.liveperson.net/hc/44275250/?site=44275250&cmd=lpTagRepstateMulti&lpCallId=711087090550-0&c=1&cbf=lpTagConfig.tagPlugins.feedsManager.feeds.repAv._update&sta=-1~1~0,application/x-javascript,0,0,61,0,61,61,
R,HomepageAgain.14,1449491799820,45,false,945,563,200,http://server.lon.liveperson.net/hc/44275250/?&site=44275250&cmd=mTagUrl&lpCallId=766723109630-682570034609&protV=20&lpjson=1&SV%21impression-query-name=chat-sales-english&SV%21impression-query-room=chat-sales-english&id=7082710164&info=button-impression%3Achat-sales-english%28kate%20spade%20new%20york%20-%20designer%20handbags%2C%20women%27s%20clothing%2C%20jewelry%2C%20and%20more%21%29&waitForVisitor=true&d=1449491799750&page=http%3A//server.lon.liveperson.net/hcp/width/img40.gif,application/x-javascript,0,0,39,0,39,39,
R,HomepageAgain.15,1449491800090,51,false,661,536,200,http://server.lon.liveperson.net/hc/44275250/?lpCallId=66549281426-738796038428&protV=20&lpjson=5&site=44275250&cmd=leVisitorEvent&type=impression&appKey=f907f2d9acd64b7f8c00b83bed3c2822&data=dynBut%3A9,application/x-javascript,0,0,39,0,39,39,
R,HomepageAgain.16,1449491800160,46,false,767,632,200,http://server.lon.liveperson.net/hc/44275250/?&site=44275250&cmd=mTagInPage&lpCallId=827637792162-788279933951&protV=20&lpjson=1&page=http%3A//www.katespade.co.uk/uk/page/home&id=7082710164&javaSupport=false&visitorStatus=INSITE_STATUS&activePlugin=none&cobrowse=true&SV%21Resolution=1024%2C768&cobrowse=true,application/x-javascript,0,0,41,0,41,41,
R,HomepageAgain.2.1,1449491799740,505,false,435,107815,200,http://www.katespade.co.uk/uk/page/home,text/html,0,0,429,70,429,499,
R,HomepageAgain.17,1449491800310,275,false,602,501,200,https://geoip.katespade.com/GEOIPv2/geoip.php?source=katespade.co.uk&dtype=undefined&dmodel=undefined&bname=Firefox&bversion=24.0&oname=Windows&oversion=7&rwidth=1024&rheight=768,text/html,0,0,267,0,267,267,
R,HomepageAgain.19,1449491801724,29,false,718,386,200,http://www.google-analytics.com/collect?v=1&_v=j40&aip=1&a=593306100&t=pageview&_s=1&dl=http%3A%2F%2Fwww.katespade.co.uk%2Fuk%2Fpage%2Fhome&ul=en-us&de=windows-1252&dt=kate%20spade%20new%20york%20-%20designer%20handbags%2C%20women's%20clothing%2C%20jewelry%2C%20and%20more!&sd=24-bit&sr=1024x768&vp=1192x750&je=0&fl=9.0%20r31&_u=QGAAgAQ~&jid=935978934&cid=261740443.1449491801&tid=UA-53191646-1&gtm=GTM-524FM8&z=1969504274,image/gif,0,0,18,0,18,18,
R,HomepageAgain.20,1449491801765,36,false,522,965,302,https://stats.g.doubleclick.net/r/collect?t=dc&aip=1&_r=3&v=1&_v=j40&tid=UA-53191646-1&cid=261740443.1449491801&jid=935978934&_u=QGAAgAQ~&z=1223542810,text/html,0,1,29,0,30,30,
R,HomepageAgain.21,1449491801805,44,false,506,853,302,https://www.google.com/ads/ga-audiences?v=1&aip=1&t=sr&_r=4&tid=UA-53191646-1&cid=261740443.1449491801&jid=935978934&_v=j40&z=1223542810,text/html,0,1,37,0,38,38,
R,HomepageAgain.22,1449491801855,44,false,506,373,200,https://www.google.de/ads/ga-audiences?v=1&aip=1&t=sr&_r=4&tid=UA-53191646-1&cid=261740443.1449491801&jid=935978934&_v=j40&z=1223542810&ipr=y,image/gif,0,0,36,0,36,36,
R,HomepageAgain.2.55,1449491802105,101,false,896,388,200,http://fsm.attraqt.com/zones-js.aspx?version=2.20.1&siteId=481af397-d4d4-4fc2-9523-5d6ebd636e29&UID=c3c36143-8d6e-428f-4fd4-83e27d5b5324&SID=cb2dba77-2576-3654-4c01-e4df1f563c18&referrer=&sitereferrer=&pageurl=http%3A%2F%2Fwww.katespade.co.uk%2Fuk%2Fpage%2Fhome&facetmode=html&mergehash=false&currency=GBP&config_categorytree=&config_category=&config_parentcategorytree=&config_parentcategory=&config_usgrref=&config_accessoryskus=&config_pagetype=unknown&config_fsm_sid=cb2dba77-2576-3654-4c01-e4df1f563c18&config_fsm_returnuser=1&config_fsm_currentvisit=07%2F12%2F2015&config_fsm_visitcount=2&config_fsm_lastvisit=07%2F12%2F2015,text/javascript,40,0,60,0,100,100,
R,HomepageAgain.24,1449491802125,94,false,433,20740,200,http://tags.liveperson.net/lptag/api/account/44275250/configuration/applications/taglets/.jsonp?df=0&s=default,application/x-javascript,41,0,47,6,88,94,
A,HomepageAgain,1449491798454,4109,false
R,HomepageAgain.26,1449491802509,111,false,393,83843,200,http://server.lon.liveperson.net/hc/s-44275250/?cmd=lpTagGetJsSnippets,application/x-javascript,0,0,47,62,47,109,
R,HomepageAgain.27,1449491802644,615,false,751,55716,200,http://server.lon.liveperson.net/hc/44275250/?&site=44275250&cmd=mTagKnockPage&lpCallId=251197295008-211626358447&protV=20&lpjson=1&id=3914847766&javaSupport=false&visitorStatus=INSITE_STATUS&dbut=chat-sales-english-default%7Cnull%7ClpButtonDiv%7C%23chat-sales-english%7Cnull%7ClpButtonDiv%7C,application/x-javascript,0,0,41,572,41,613,
R,OpenSearchBar.28,1449491803319,55,false,1715,1038,200,http://server.lon.liveperson.net/hc/44275250/?&visitor=1718801377548257&msessionkey=622050639829552328&siteContainer=STANDALONE&site=44275250&cmd=mTagStartPage&lpCallId=748119320903-742367556455&protV=20&lpjson=1&page=http%3A//www.katespade.co.uk/uk/page/home&id=3914847766&javaSupport=false&visitorStatus=INSITE_STATUS&activePlugin=none&cobrowse=true&PV%21unit=sales&PV%21Section=Marketing&PV%21Currency=GBP&PV%21HelpHover=false&PV%21CartTotal=0.00&PV%21ErrorCounter=0&PV%21lpTagVer=1.5.1&PV%21visitorActive=1&SV%21language=english&SV%21Country=UK&title=kate%20spade%20new%20york%20-%20designer%20handbags%2C%20women%27s%20clothing%2C%20jewelry%2C%20and%20more%21&cobrowse=true&cookie=SID%3Db7d058af2879678df8935e1cb7c8a80f%3B%20locn%3Duk%3B%20GEOIP_set%3Dtrue%3B%20GEOIP_ip%3D195.202.38.154%3B%20GEOIP_ccode%3DDE%3B%20GEOIP_ccode3%3DDEU%3B%20GEOIP_cname%3DGermany%3B%20GEOIP_region%3D10%3B%20GEOIP_city%3DHusum%3B%20GEOIP_postal%3D%3B%20GEOIP_redirect%3D%3B%20_ga%3DGA1.3.261740443.1449491801%3B%20_dc_gtm_UA-53191646-1%3D1%3B%20LMUID%3Dc3c36143-8d6e-428f-4fd4-83e27d5b5324%3B%20LMSID%3Dcb2dba77-2576-3654-4c01-e4df1f563c18%3B%2044275250-VID%3D1718801377548257%3B%2044275250-SKEY%3D622050639829552328%3B%20HumanClickSiteContainerID_44275250%3DSTANDALONE,application/x-javascript,0,0,45,0,45,45,
R,OpenSearchBar.29,1449491803381,41,false,944,561,200,http://server.lon.liveperson.net/hc/44275250/?&site=44275250&cmd=mTagUrl&lpCallId=2381591889-428997245496&protV=20&lpjson=1&SV%21impression-query-name=chat-sales-english&SV%21impression-query-room=chat-sales-english&id=3914847766&info=button-impression%3Achat-sales-english%28kate%20spade%20new%20york%20-%20designer%20handbags%2C%20women%27s%20clothing%2C%20jewelry%2C%20and%20more%21%29&waitForVisitor=true&d=1449491803381&page=http%3A//server.lon.liveperson.net/hcp/width/img40.gif,application/x-javascript,0,0,39,0,39,39,
R,OpenSearchBar.30,1449491803481,67,false,663,537,200,http://server.lon.liveperson.net/hc/44275250/?lpCallId=304935509662-466066049739&protV=20&lpjson=5&site=44275250&cmd=leVisitorEvent&type=impression&appKey=f907f2d9acd64b7f8c00b83bed3c2822&data=dynBut%3A9,application/x-javascript,0,0,61,0,61,61,
A,OpenSearchBar,1449491802686,926,false
R,SearchArticlesOnly.3,1449491804113,420,false,512,99809,200,http://www.katespade.co.uk/page/search?q=shoe,text/html,0,0,347,63,347,410,
R,SearchArticlesOnly.11,1449491804593,256,false,585,458538,200,http://www.katespade.co.uk/content/ebiz/shop/resources/js/minified/7c241148382bf1fcfcee68fd66d30144.js?1449131584,application/x-javascript,0,0,44,203,44,247,
R,SearchArticlesOnly.31,1449491804934,299,false,618,501,200,https://geoip.katespade.com/GEOIPv2/geoip.php?source=katespade.co.uk&dtype=undefined&dmodel=undefined&bname=Firefox&bversion=24.0&oname=Windows&oversion=7&rwidth=1024&rheight=768,text/html,0,1,289,0,290,290,
R,SearchArticlesOnly.33,1449491806174,27,false,624,386,200,http://www.google-analytics.com/collect?v=1&_v=j40&aip=1&a=1121794187&t=pageview&_s=1&dl=http%3A%2F%2Fwww.katespade.co.uk%2Fpage%2Fsearch%3Fq%3Dshoe&ul=en-us&de=windows-1252&dt=search&sd=24-bit&sr=1024x768&vp=1192x750&je=0&fl=9.0%20r31&_u=QCCAgAQ~&jid=&cid=261740443.1449491801&tid=UA-53191646-1&gtm=GTM-524FM8&z=148619018,image/gif,0,0,19,0,19,19,
R,SearchArticlesOnly.34,1449491806205,106,false,330,9079,200,http://www.googleadservices.com/pagead/conversion_async.js,text/javascript,27,0,67,8,94,102,
R,SearchArticlesOnly.35,1449491806395,153,false,1065,4745,302,https://googleads.g.doubleclick.net/pagead/viewthroughconversion/967669224/?random=1449491806395&cv=8&fst=1449491806395&num=1&fmt=3&guid=ON&u_h=768&u_w=1024&u_ah=768&u_aw=1024&u_cd=24&u_his=5&u_tz=60&u_java=false&u_nplug=1&u_nmime=1&data=ecomm_totalvalue%3Dnull%3Becomm_prodid%3Dnull&frm=0&url=http%3A//www.katespade.co.uk/page/search%3Fq%3Dshoe&ref=http%3A//www.katespade.co.uk/uk/page/home%23&async=1,image/gif,17,98,0,109,37,146,
R,SearchArticlesOnly.36,1449491806555,45,false,618,1061,302,https://www.google.com/ads/user-lists/967669224/?fmt=3&num=1&cv=8&frm=0&url=http%3A//www.katespade.co.uk/page/search%3Fq%3Dshoe&ref=http%3A//www.katespade.co.uk/uk/page/home%23&data=ecomm_totalvalue%3Dnull%3Becomm_prodid%3Dnull&random=2007499840,text/html,0,1,39,0,40,40,
R,SearchArticlesOnly.49,1449491806385,243,false,999,47278,200,http://fsm.attraqt.com/zones-js.aspx?version=2.20.1&siteId=481af397-d4d4-4fc2-9523-5d6ebd636e29&UID=c3c36143-8d6e-428f-4fd4-83e27d5b5324&SID=cb2dba77-2576-3654-4c01-e4df1f563c18&referrer=http%3A%2F%2Fwww.katespade.co.uk%2Fuk%2Fpage%2Fhome%23&sitereferrer=&pageurl=http%3A%2F%2Fwww.katespade.co.uk%2Fpage%2Fsearch%3Fq%3Dshoe&zone0=search&facetmode=html&mergehash=false&currency=GBP&config_categorytree=attraqt&config_category=attraqt&config_parentcategorytree=&config_parentcategory=undefined&config_usgrref=&config_accessoryskus=&config_pagetype=search&config_fsm_sid=cb2dba77-2576-3654-4c01-e4df1f563c18&config_fsm_returnuser=1&config_fsm_currentvisit=07%2F12%2F2015&config_fsm_visitcount=2&config_fsm_lastvisit=07%2F12%2F2015,text/javascript,49,0,142,48,192,240,
R,SearchArticlesOnly.37,1449491806605,65,false,618,373,200,https://www.google.de/ads/user-lists/967669224/?fmt=3&num=1&cv=8&frm=0&url=http%3A//www.katespade.co.uk/page/search%3Fq%3Dshoe&ref=http%3A//www.katespade.co.uk/uk/page/home%23&data=ecomm_totalvalue%3Dnull%3Becomm_prodid%3Dnull&random=2007499840&ipr=y,image/gif,0,1,56,0,57,57,
R,SearchArticlesOnly.50,1449491806705,240,false,407,11102,200,http://katespade.scene7.com/is/image/KateSpade/S944627SU_664_R?$s7productgrid$&defaultImage=S944627SU_664,image/jpeg,29,0,170,3,199,202,
R,SearchArticlesOnly.51,1449491806965,69,false,403,7032,200,http://katespade.scene7.com/is/image/KateSpade/S741843_101_R?$s7productgrid$&defaultImage=S741843_101,image/jpeg,0,0,55,4,55,59,
R,SearchArticlesOnly.52,1449491807045,71,false,407,10222,200,http://katespade.scene7.com/is/image/KateSpade/S741843SL_040_R?$s7productgrid$&defaultImage=S741843SL_040,image/jpeg,0,0,60,6,60,66,
R,SearchArticlesOnly.53,1449491807125,115,false,407,9783,200,http://katespade.scene7.com/is/image/KateSpade/S944627DO_164_R?$s7productgrid$&defaultImage=S944627DO_164,image/jpeg,0,0,109,3,109,112,
R,SearchArticlesOnly.54,1449491807271,68,false,405,8146,200,http://katespade.scene7.com/is/image/KateSpade/S741843S_001_R?$s7productgrid$&defaultImage=S741843S_001,image/jpeg,0,0,63,2,63,65,
R,SearchArticlesOnly.55,1449491807344,112,false,405,9287,200,http://katespade.scene7.com/is/image/KateSpade/S359016M_608_R?$s7productgrid$&defaultImage=S359016M_608,image/jpeg,0,0,99,6,99,105,
R,SearchArticlesOnly.56,1449491807474,52,false,407,9256,200,http://katespade.scene7.com/is/image/KateSpade/S359016MR_001_R?$s7productgrid$&defaultImage=S359016MR_001,image/jpeg,0,0,44,3,44,47,
R,SearchArticlesOnly.57,1449491807544,100,false,407,4728,200,http://katespade.scene7.com/is/image/KateSpade/S182201CT_040_R?$s7productgrid$&defaultImage=S182201CT_040,image/jpeg,0,0,85,3,85,88,
R,SearchArticlesOnly.58,1449491807664,65,false,405,7784,200,http://katespade.scene7.com/is/image/KateSpade/S182205K_770_R?$s7productgrid$&defaultImage=S182205K_770,image/jpeg,0,0,59,2,59,61,
R,SearchArticlesOnly.59,1449491807746,133,false,407,7894,200,http://katespade.scene7.com/is/image/KateSpade/S080001RW_650_R?$s7productgrid$&defaultImage=S080001RW_650,image/jpeg,0,0,122,2,122,124,
R,SearchArticlesOnly.60,1449491807906,99,false,405,6448,200,http://katespade.scene7.com/is/image/KateSpade/S182204V_001_R?$s7productgrid$&defaultImage=S182204V_001,image/jpeg,0,0,93,3,93,96,
R,SearchArticlesOnly.61,1449491808026,246,false,408,687,200,"http://katespade.scene7.com/is/image/KateSpade/S_S182204V_001?$s7swatch$&defaultImage=no-swatch&fit=crop,1",image/jpeg,0,0,237,0,237,237,
R,SearchArticlesOnly.62,1449491808276,183,false,408,727,200,"http://katespade.scene7.com/is/image/KateSpade/S_S182204V_101?$s7swatch$&defaultImage=no-swatch&fit=crop,1",image/jpeg,0,0,177,0,177,177,
R,SearchArticlesOnly.63,1449491808467,666,false,405,7702,200,http://katespade.scene7.com/is/image/KateSpade/S030007R_606_R?$s7productgrid$&defaultImage=S030007R_606,image/jpeg,0,0,652,3,652,655,
R,SearchArticlesOnly.64,1449491809168,62,false,408,735,200,"http://katespade.scene7.com/is/image/KateSpade/S_S030007R_606?$s7swatch$&defaultImage=no-swatch&fit=crop,1",image/jpeg,0,0,52,0,52,52,
R,SearchArticlesOnly.65,1449491809238,46,false,408,634,200,"http://katespade.scene7.com/is/image/KateSpade/S_S030007R_001?$s7swatch$&defaultImage=no-swatch&fit=crop,1",image/jpeg,0,0,41,0,41,41,
R,SearchArticlesOnly.66,1449491809288,60,false,407,6589,200,http://katespade.scene7.com/is/image/KateSpade/S030010RU_026_R?$s7productgrid$&defaultImage=S030010RU_026,image/jpeg,0,0,53,1,53,54,
R,SearchArticlesOnly.67,1449491809359,57,false,409,704,200,"http://katespade.scene7.com/is/image/KateSpade/S_S030010RU_026?$s7swatch$&defaultImage=no-swatch&fit=crop,1",image/jpeg,0,0,53,0,53,53,
R,SearchArticlesOnly.68,1449491809429,57,false,409,742,200,"http://katespade.scene7.com/is/image/KateSpade/S_S030010RU_689?$s7swatch$&defaultImage=no-swatch&fit=crop,1",image/jpeg,0,0,48,0,48,48,
R,SearchArticlesOnly.69,1449491809489,173,false,407,9448,200,http://katespade.scene7.com/is/image/KateSpade/S4511373V_100_R?$s7productgrid$&defaultImage=S4511373V_100,image/jpeg,0,0,167,3,167,170,
R,SearchArticlesOnly.70,1449491809679,101,false,405,14500,200,http://katespade.scene7.com/is/image/KateSpade/S2511736_919_R?$s7productgrid$&defaultImage=S2511736_919,image/jpeg,0,0,83,7,83,90,
R,SearchArticlesOnly.71,1449491809809,56,false,405,11001,200,http://katespade.scene7.com/is/image/KateSpade/S942345N_410_R?$s7productgrid$&defaultImage=S942345N_410,image/jpeg,0,0,44,3,44,47,
R,SearchArticlesOnly.72,1449491811402,62,false,405,5509,200,http://katespade.scene7.com/is/image/KateSpade/S182204V_101_R?$s7productgrid$&defaultImage=S182204V_101,image/jpeg,0,0,56,1,56,57,
R,SearchArticlesOnly.73,1449491811512,163,false,405,5232,200,http://katespade.scene7.com/is/image/KateSpade/S030007R_001_R?$s7productgrid$&defaultImage=S030007R_001,image/jpeg,0,0,157,2,157,159,
R,SearchArticlesOnly.74,1449491811713,305,false,407,8384,200,http://katespade.scene7.com/is/image/KateSpade/S030010RU_689_R?$s7productgrid$&defaultImage=S030010RU_689,image/jpeg,0,0,297,4,297,301,
R,SearchArticlesOnly.39,1449491812121,105,false,439,20741,200,http://tags.liveperson.net/lptag/api/account/44275250/configuration/applications/taglets/.jsonp?df=0&s=default,application/x-javascript,44,0,53,6,97,103,
R,SearchArticlesOnly.75,1449491812073,329,false,373,986,200,"http://katespade.scene7.com/is/image/KateSpade/S182204V_001_is?req=set,json&handler=fsmParseImageMeta",text/javascript,0,0,319,0,319,319,
R,SearchArticlesOnly.40,1449491812242,299,false,1030,5554,200,https://gscounters.eu1.gigya.com/gscounters.sendReport?reports=%5B%7B%22name%22%3A%22loadc%22%2C%22time%22%3A%221449491805084%22%2C%22reportData%22%3A%7B%22sref%22%3A%22http%3A%2F%2Fwww.katespade.co.uk%2Fuk%2Fpage%2Fhome%23%22%7D%7D%5D&APIKey=3_-MbYO6z0WH8S94QI4RRP3FktT41GMGMuJMTqmQ-s8IddgCMaMbxnCxBKmbJ6sGXW&sdk=js_5.8.10&format=jsonp&callback=gigya._.apiAdapters.web.callback&context=R144695469,application/ecmascript,40,174,0,178,85,263,
R,SearchArticlesOnly.76,1449491812412,617,false,379,5025,200,http://katespade.scene7.com/is/image/KateSpade/S182204V_001_1?$s7productgrid$,image/jpeg,0,0,607,2,607,609,
R,SearchArticlesOnly.77,1449491813035,85,false,373,986,200,"http://katespade.scene7.com/is/image/KateSpade/S030007R_606_is?req=set,json&handler=fsmParseImageMeta",text/javascript,0,0,74,0,74,74,
R,SearchArticlesOnly.42,1449491813116,80,false,399,83843,200,http://server.lon.liveperson.net/hc/s-44275250/?cmd=lpTagGetJsSnippets,application/x-javascript,0,0,56,20,56,76,
R,SearchArticlesOnly.78,1449491813126,208,false,379,6931,200,http://katespade.scene7.com/is/image/KateSpade/S030007R_606_1?$s7productgrid$,image/jpeg,0,0,197,3,197,200,
R,SearchArticlesOnly.43,1449491813346,54,false,646,626,200,http://server.lon.liveperson.net/hc/44275250/?site=44275250&cmd=lpTagRepstateMulti&lpCallId=711087090550-0&c=1&cbf=lpTagConfig.tagPlugins.feedsManager.feeds.repAv._update&sta=-1~1~0,application/x-javascript,0,0,47,0,47,47,
R,SearchArticlesOnly.79,1449491813336,119,false,374,881,200,"http://katespade.scene7.com/is/image/KateSpade/S030010RU_026_is?req=set,json&handler=fsmParseImageMeta",text/javascript,0,0,115,0,115,115,
R,SearchArticlesOnly.44,1449491813416,70,false,757,55716,200,http://server.lon.liveperson.net/hc/44275250/?&site=44275250&cmd=mTagKnockPage&lpCallId=699278920990-878604230440&protV=20&lpjson=1&id=5084561115&javaSupport=false&visitorStatus=INSITE_STATUS&dbut=chat-sales-english-default%7Cnull%7ClpButtonDiv%7C%23chat-sales-english%7Cnull%7ClpButtonDiv%7C,application/x-javascript,0,0,44,20,44,64,
R,SearchArticlesOnly.80,1449491813467,104,false,380,5583,200,http://katespade.scene7.com/is/image/KateSpade/S030010RU_026_1?$s7productgrid$,image/jpeg,0,0,86,9,86,95,
R,SearchArticlesOnly.81,1449491813637,50,false,1033,631,200,http://server.lon.liveperson.net/hc/44275250/?&visitor=1718801377548257&msessionkey=622050639829552328&siteContainer=STANDALONE&site=44275250&cmd=mTagInPage&lpCallId=461839606395-96880316648&protV=20&lpjson=1&page=http%3A//www.katespade.co.uk/page/search%3Fq%3Dshoe&id=5084561115&javaSupport=false&visitorStatus=INSITE_STATUS&activePlugin=none&cobrowse=true&PV%21unit=sales&PV%21Section=Marketing&PV%21Currency=GBP&PV%21HelpHover=false&PV%21CartTotal=0.00&PV%21lpTagVer=1.5.1&PV%21visitorActive=1&PV%21ErrorCounter=0&SV%21language=english&SV%21Country=UK&cobrowse=true,application/x-javascript,0,0,38,0,38,38,
R,SearchArticlesOnly.47,1449491813647,86,false,2160,1038,200,http://server.lon.liveperson.net/hc/44275250/?&visitor=1718801377548257&msessionkey=622050639829552328&siteContainer=STANDALONE&site=44275250&cmd=mTagStartPage&lpCallId=709334928816-881609828771&protV=20&lpjson=1&page=http%3A//www.katespade.co.uk/page/search%3Fq%3Dshoe&id=5084561115&javaSupport=false&visitorStatus=INSITE_STATUS&activePlugin=none&cobrowse=true&title=search&referrer=http%3A//www.katespade.co.uk/uk/page/home%23&cobrowse=true&cookie=SID%3Db7d058af2879678df8935e1cb7c8a80f%3B%20_dc_gtm_UA-53191646-1%3D1%3B%20locn%3Duk%3B%20GEOIP_set%3Dtrue%3B%20GEOIP_ip%3D195.202.38.154%3B%20GEOIP_ccode%3DDE%3B%20GEOIP_ccode3%3DDEU%3B%20GEOIP_cname%3DGermany%3B%20GEOIP_region%3D10%3B%20GEOIP_city%3DHusum%3B%20GEOIP_postal%3D%3B%20GEOIP_redirect%3D%3B%20_ga%3DGA1.3.261740443.1449491801%3B%20LMUID%3Dc3c36143-8d6e-428f-4fd4-83e27d5b5324%3B%20LMSID%3Dcb2dba77-2576-3654-4c01-e4df1f563c18%3B%20FSM_SKUS%3D/uk/heels/peggy-heels/invt/s944627su%252C/uk/jackie-heels/invt/s741843%252C/uk/jackie-heels/invt/s741843sl%252C/uk/heels/peggy-heels/invt/s944627do%252C/uk/jackie-heels/invt/s741843s%252C/uk/flats/sedgewick-rain-boots/invt/s359016m%252C/uk/flats/sedgewick-animal-rain-boots/invt/s359016mr%252C/uk/flats/happily-ever-after-sandals/invt/s182201ct%252C/uk/salena-flats/invt/s182205k%252C/uk/flats/fifi-sandals/invt/s080001rw%252C/uk/scarlett-flats/invt/s182204v%252C/uk/flats/odessa-sandals/invt/s030007r%252C/uk/sandals/janela-sandals/invt/s030010ru%252C/uk/tasely-sandals/invt/s4511373v%252C/uk/boots/sonia-boots/invt/s2511736%252C/uk/charm-heels/invt/s942345n%3B%2044275250-VID%3D1718801377548257%3B%2044275250-SKEY%3D622050639829552328%3B%20HumanClickSiteContainerID_44275250%3DSTANDALONE,application/x-javascript,39,0,45,0,85,85,
R,SearchArticlesOnly.48,1449491813747,51,false,848,563,200,http://server.lon.liveperson.net/hc/44275250/?&site=44275250&cmd=mTagUrl&lpCallId=886544072624-567993229658&protV=20&lpjson=1&SV%21impression-query-name=chat-sales-english&SV%21impression-query-room=chat-sales-english&id=5084561115&info=button-impression%3Achat-sales-english%28search%29&waitForVisitor=true&d=1449491813737&page=http%3A//server.lon.liveperson.net/hcp/width/img40.gif,application/x-javascript,0,0,40,0,40,40,
R,SearchArticlesOnly.49,1449491813797,49,false,667,536,200,http://server.lon.liveperson.net/hc/44275250/?lpCallId=80093902264-557446999807&protV=20&lpjson=5&site=44275250&cmd=leVisitorEvent&type=impression&appKey=f907f2d9acd64b7f8c00b83bed3c2822&data=dynBut%3A9,application/x-javascript,0,0,38,0,38,38,
R,SearchArticlesOnly.50,1449491813867,54,false,756,632,200,http://server.lon.liveperson.net/hc/44275250/?&site=44275250&cmd=mTagInPage&lpCallId=539301306145-281053630547&protV=20&lpjson=1&page=http%3A//www.katespade.co.uk/page/search%3Fq%3Dshoe&id=5084561115&javaSupport=false&visitorStatus=INSITE_STATUS&activePlugin=none&cobrowse=true&cobrowse=true,application/x-javascript,0,0,44,0,44,44,
R,SearchArticlesOnly.7,1449491814037,48,false,1193,615,200,http://www.katespade.co.uk/content/ebiz/shop/resources/images/checkbox_on_off.png,image/png,0,0,42,0,42,42,
A,SearchArticlesOnly,1449491803746,10432,false
R,ViewArticle.82,1449491814428,1201,false,1258,144282,200,http://www.katespade.co.uk/uk/heels/peggy-heels/invt/s944627su,text/html,0,0,1069,122,1069,1191,
R,ViewArticle.94,1449491815669,62,false,1230,750,200,http://www.katespade.co.uk/content/ebiz/shop/resources/images/tellafriend.jpg,image/jpeg,0,0,49,0,49,49,
R,ViewArticle.98,1449491815669,60,false,1245,8371,200,http://www.katespade.co.uk/content/ebiz/shop/page/size_shoes/katespade-sizechart-bottom2.jpg,image/jpeg,0,0,46,5,46,51,
R,ViewArticle.114,1449491815689,63,false,1227,775,200,http://www.katespade.co.uk/content/ebiz/shop/resources/images/fb_share.jpg,image/jpeg,0,0,54,0,54,54,
R,ViewArticle.122,1449491815729,65,false,1227,812,200,http://www.katespade.co.uk/content/ebiz/shop/resources/images/tw_share.jpg,image/jpeg,0,0,61,0,61,61,
R,ViewArticle.109,1449491815679,137,false,352,33931,200,http://katespade.ugc.bazaarvoice.com/static/5036-en_gb/bvapi.js,text/javascript,38,0,57,7,96,103,
R,ViewArticle.128,1449491815759,76,false,1241,74788,200,http://www.katespade.co.uk/content/ebiz/shop/resources/js/Venda/Attributes/attributes.js,application/x-javascript,0,0,55,14,55,69,
R,ViewArticle.126,1449491815759,110,false,1223,28044,200,http://www.katespade.co.uk/content/ebiz/shop/page/size_shoes/shoes.gif,image/gif,0,0,45,55,45,100,
R,ViewArticle.51,1449491815889,286,false,634,501,200,https://geoip.katespade.com/GEOIPv2/geoip.php?source=katespade.co.uk&dtype=undefined&dmodel=undefined&bname=Firefox&bversion=24.0&oname=Windows&oversion=7&rwidth=1024&rheight=768,text/html,0,0,276,0,276,276,
R,ViewArticle.135,1449491815929,277,false,712,6108,200,https://apps.nexus.bazaarvoice.com/katespadeuk/5036-en_gb/bv.js,application/x-javascript,38,162,0,161,77,238,
R,ViewArticle.53,1449491816568,46,false,700,386,200,http://www.google-analytics.com/collect?v=1&_v=j40&aip=1&a=1922935483&t=pageview&_s=1&dl=http%3A%2F%2Fwww.katespade.co.uk%2Fuk%2Fheels%2Fpeggy-heels%2Finvt%2Fs944627su&ul=en-us&de=windows-1252&dt=peggy%20heels%20-%20kate%20spade%20new%20york&sd=24-bit&sr=1024x768&vp=1192x750&je=0&fl=9.0%20r31&_u=QCCAgAQ~&jid=&cid=261740443.1449491801&tid=UA-53191646-1&gtm=GTM-524FM8&z=1985147767,image/gif,0,0,36,0,36,36,
R,ViewArticle.55,1449491816668,45,false,842,1109,302,https://googleads.g.doubleclick.net/pagead/viewthroughconversion/967669224/?random=1449491816658&cv=8&fst=1449491816658&num=1&fmt=3&guid=ON&u_h=768&u_w=1024&u_ah=768&u_aw=1024&u_cd=24&u_his=6&u_tz=60&u_java=false&u_nplug=1&u_nmime=1&data=ecomm_totalvalue%3Dnull%3Becomm_prodid%3Dnull&frm=0&url=http%3A//www.katespade.co.uk/uk/heels/peggy-heels/invt/s944627su&ref=http%3A//www.katespade.co.uk/page/search%3Fq%3Dshoe&async=1,image/gif,0,1,33,0,34,34,
R,ViewArticle.56,1449491816709,62,false,650,1109,302,https://www.google.com/ads/user-lists/967669224/?fmt=3&num=1&cv=8&frm=0&url=http%3A//www.katespade.co.uk/uk/heels/peggy-heels/invt/s944627su&ref=http%3A//www.katespade.co.uk/page/search%3Fq%3Dshoe&data=ecomm_totalvalue%3Dnull%3Becomm_prodid%3Dnull&random=2242452308,text/html,0,1,49,0,50,50,
R,ViewArticle.57,1449491816779,49,false,650,373,200,https://www.google.de/ads/user-lists/967669224/?fmt=3&num=1&cv=8&frm=0&url=http%3A//www.katespade.co.uk/uk/heels/peggy-heels/invt/s944627su&ref=http%3A//www.katespade.co.uk/page/search%3Fq%3Dshoe&data=ecomm_totalvalue%3Dnull%3Becomm_prodid%3Dnull&random=2242452308&ipr=y,image/gif,0,0,43,0,43,43,
R,ViewArticle.136,1449491816658,270,false,719,15872,200,https://magpie-static.ugc.bazaarvoice.com/magpiejs/2/magpie.js,application/javascript,32,164,0,157,79,236,
R,ViewArticle.59,1449491817388,234,false,1087,2281,200,http://fsm.attraqt.com/zones-js.aspx?version=2.20.1&siteId=481af397-d4d4-4fc2-9523-5d6ebd636e29&UID=c3c36143-8d6e-428f-4fd4-83e27d5b5324&SID=cb2dba77-2576-3654-4c01-e4df1f563c18&referrer=http%3A%2F%2Fwww.katespade.co.uk%2Fpage%2Fsearch%3Fq%3Dshoe&sitereferrer=&pageurl=http%3A%2F%2Fwww.katespade.co.uk%2Fuk%2Fheels%2Fpeggy-heels%2Finvt%2Fs944627su&zone0=also_like&tracking=263-1700-16404&facetmode=html&mergehash=false&currency=GBP&config_categorytree=shop%2Fshoes%2Fpumps&config_category=pumps&config_parentcategorytree=shop%2Fshoes&config_parentcategory=shoes&config_usgrref=&config_accessoryskus=&config_pagetype=product&config_fsm_sid=cb2dba77-2576-3654-4c01-e4df1f563c18&config_fsm_returnuser=1&config_fsm_currentvisit=07%2F12%2F2015&config_fsm_visitcount=2&config_fsm_lastvisit=07%2F12%2F2015,text/javascript,44,0,189,0,233,233,
R,ViewArticle.137,1449491818168,24,false,737,386,200,http://www.google-analytics.com/collect?v=1&_v=j40&aip=1&a=1922935483&t=pageview&_s=1&dl=http%3A%2F%2Fwww.katespade.co.uk%2Fuk%2Fheels%2Fpeggy-heels%2Finvt%2Fs944627su&dp=%2Fpage%2Fhome%3Flayout%3Dminicart&ul=en-us&de=windows-1252&dt=peggy%20heels%20-%20kate%20spade%20new%20york&sd=24-bit&sr=1024x768&vp=1192x750&je=0&fl=9.0%20r31&_u=SCCAgAQ~&jid=&cid=261740443.1449491801&tid=UA-53191646-1&gtm=GTM-524FM8&z=553758907,image/gif,0,0,19,0,19,19,
R,ViewArticle.138,1449491818259,118,false,374,201845,200,http://katespade.ugc.bazaarvoice.com/static/5036-en_gb/bazaarvoice.css,text/css,0,0,66,46,66,112,
R,ViewArticle.62,1449491818849,231,false,422,11437,200,http://katespade.scene7.com/is/image/KateSpade/S741849W_001_R?$s7productgrid$&defaultImage=S741849W_001,image/jpeg,0,0,221,4,221,225,
R,ViewArticle.139,1449491818839,289,false,378,17650,200,http://katespade.ugc.bazaarvoice.com/5036-en_gb/s944627su/reviews.djs?format=embeddedhtml,text/javascript,0,0,260,19,260,279,
R,ViewArticle.140,1449491819729,93,false,352,92222,200,http://ajax.googleapis.com/ajax/libs/jquery/1.6.3/jquery.min.js,text/javascript,13,0,16,33,29,62,
R,ViewArticle.63,1449491819699,232,false,1422,3038,200,http://www.katespade.co.uk/page/home?layout=minicart,text/html,0,0,221,0,221,221,
R,ViewArticle.64,1449491819980,55,false,1375,13054,200,http://www.katespade.co.uk/content/ebiz/shop/resources/js/Venda/Attributes/halfswatch.js,application/x-javascript,0,0,43,3,43,46,
R,ViewArticle.141,1449491819910,155,false,373,198995,200,http://katespade.ugc.bazaarvoice.com/module/5036-en_gb/cmn/5036-en_gb/display.pkg.js,text/javascript,0,0,56,91,56,147,
R,ViewArticle.65,1449491820332,252,false,898,22671,200,https://katespade.scene7.com/s7sdk/2.7/js/s7sdk/utils/Utils.js,application/javascript,28,145,0,193,57,250,
R,ViewArticle.66,1449491821036,74,false,426,4837,200,https://katespade.scene7.com/s7sdk/2.7/js/s7sdk/common/Container.js,application/javascript,0,0,61,4,61,65,
R,ViewArticle.67,1449491821126,43,false,426,3605,200,https://katespade.scene7.com/s7sdk/2.7/js/s7sdk/event/Event.js,application/javascript,0,0,32,1,32,33,
R,ViewArticle.142,1449491820976,187,false,372,32960,200,http://katespade.ugc.bazaarvoice.com/module/5036-en_gb/rr/5036-en_gb/display.pkg.js,text/javascript,0,0,169,16,169,185,
R,ViewArticle.68,1449491821206,58,false,426,517,200,https://katespade.scene7.com/s7sdk/2.7/js/s7sdk/utils/Version.js,application/javascript,0,0,52,0,52,52,
R,ViewArticle.69,1449491821496,39,false,426,9381,200,https://katespade.scene7.com/s7sdk/2.7/js/s7sdk/image/ZoomView.js,application/javascript,0,0,25,3,25,28,
R,ViewArticle.143,1449491821496,65,false,368,1380,200,http://katespade.ugc.bazaarvoice.com/5036-en_gb/crossdomain.htm?format=embedded#origin=http%3A%2F%2Fwww.katespade.co.uk,text/html,0,0,55,0,55,55,
R,ViewArticle.70,1449491821556,61,false,426,5973,200,https://katespade.scene7.com/s7sdk/2.7/js/s7sdk/image/View.js,application/javascript,0,0,52,2,52,54,
R,ViewArticle.71,1449491821636,65,false,426,1525,200,https://katespade.scene7.com/s7sdk/2.7/js/s7sdk/common/Enumeration.js,application/javascript,0,0,59,0,59,59,
R,ViewArticle.72,1449491821797,143,false,426,2021,200,https://katespade.scene7.com/s7sdk/2.7/js/s7sdk/image/Resolution.js,application/javascript,0,0,140,1,140,141,
R,ViewArticle.73,1449491821957,38,false,426,1829,200,https://katespade.scene7.com/s7sdk/2.7/js/s7sdk/common/Geometry.js,application/javascript,0,0,27,1,27,28,
R,ViewArticle.144,1449491821975,102,false,327,87571,200,http://platform.twitter.com/widgets.js,application/javascript,31,0,27,19,58,77,
R,ViewArticle.74,1449491822045,49,false,426,1861,200,https://katespade.scene7.com/s7sdk/2.7/js/s7sdk/image/Tile.js,application/javascript,0,0,38,1,38,39,
R,ViewArticle.75,1449491822145,36,false,410,1429,200,https://katespade.scene7.com/s7sdk/2.7/js/s7sdk/common/IS.js,application/javascript,0,0,29,0,29,29,
R,ViewArticle.76,1449491822185,35,false,426,869,200,https://katespade.scene7.com/s7sdk/2.7/js/s7sdk/common/Data.js,application/javascript,0,0,31,0,31,31,
R,ViewArticle.77,1449491822225,38,false,426,1701,200,https://katespade.scene7.com/s7sdk/2.7/js/s7sdk/common/IconEffect.js,application/javascript,0,0,33,0,33,33,
R,ViewArticle.145,1449491822145,156,false,329,176373,200,http://connect.facebook.net/en_US/all.js,application/x-javascript,35,0,36,63,71,134,
R,ViewArticle.78,1449491822275,75,false,426,3493,200,https://katespade.scene7.com/s7sdk/2.7/js/s7sdk/common/ItemDesc.js,application/javascript,0,0,67,0,67,67,
R,ViewArticle.79,1449491822405,34,false,426,1845,200,https://katespade.scene7.com/s7sdk/2.7/js/s7sdk/utils/SwatchesParser.js,application/javascript,0,0,32,0,32,32,
R,ViewArticle.80,1449491822445,56,false,426,3349,200,https://katespade.scene7.com/s7sdk/2.7/js/s7sdk/event/InputController2.js,application/javascript,0,0,53,1,53,54,
R,ViewArticle.81,1449491822515,57,false,426,2181,200,https://katespade.scene7.com/s7sdk/2.7/js/s7sdk/set/MediaSet.js,application/javascript,0,0,49,0,49,49,
R,ViewArticle.82,1449491822575,66,false,426,12213,200,https://katespade.scene7.com/s7sdk/2.7/js/s7sdk/set/SpinView.js,application/javascript,0,0,56,3,56,59,
R,ViewArticle.146,1449491822405,246,false,669,21023,200,https://apis.google.com/js/plusone.js,application/javascript,20,122,0,171,46,217,
R,ViewArticle.83,1449491822667,86,false,426,1525,200,https://katespade.scene7.com/s7sdk/2.7/js/s7sdk/set/SpinFrame.js,application/javascript,0,0,79,1,79,80,
R,ViewArticle.147,1449491822757,62,false,666,42171,200,https://apis.google.com/_/scs/apps-static/_/js/k=oz.gapi.de.0ZaTtFYlM5s.O/m=plusone/rt=j/sv=1/d=1/ed=1/am=AQ/rs=AGLTcCO1u6CWiY_o44A6zP_1T16c3mtspA/t=zcms/cb=gapi.loaded_0,text/javascript,0,0,29,23,29,52,
R,ViewArticle.84,1449491822757,75,false,426,1221,200,https://katespade.scene7.com/s7sdk/2.7/js/s7sdk/set/SpinFrameLoader.js,application/javascript,0,0,64,0,64,64,
R,ViewArticle.85,1449491822958,46,false,426,8981,200,https://katespade.scene7.com/s7sdk/2.7/js/s7sdk/set/Swatches.js,application/javascript,0,0,30,4,30,34,
R,ViewArticle.86,1449491823038,36,false,426,3973,200,https://katespade.scene7.com/s7sdk/2.7/js/s7sdk/common/ScrollableDiv.js,application/javascript,0,0,28,1,28,29,
R,ViewArticle.87,1449491823078,67,false,426,3893,200,https://katespade.scene7.com/s7sdk/2.7/js/s7sdk/common/Thumb.js,application/javascript,0,0,62,2,62,64,
R,ViewArticle.88,1449491823158,33,false,426,4565,200,https://katespade.scene7.com/s7sdk/2.7/js/s7sdk/common/Button.js,application/javascript,0,0,28,1,28,29,
R,ViewArticle.89,1449491823734,43,false,1386,6820,200,http://www.katespade.co.uk/content/ebiz/shop/resources/js/Venda/Attributes/attributeAsset-Swatch.js,application/x-javascript,0,0,40,2,40,42,
R,ViewArticle.90,1449491823842,44,false,1388,5325,200,http://www.katespade.co.uk/content/ebiz/shop/resources/js/Venda/Attributes/attributeAsset-Dropdown.js,application/x-javascript,0,0,41,1,41,42,
R,ViewArticle.91,1449491824133,99,false,456,20747,200,http://tags.liveperson.net/lptag/api/account/44275250/configuration/applications/taglets/.jsonp?df=0&s=default,application/x-javascript,47,0,46,4,93,97,
R,ViewArticle.7,1449491824293,47,false,1229,843,200,http://www.katespade.co.uk/content/ebiz/shop/resources/images/pin_share.jpg,image/jpeg,0,0,43,0,43,43,
R,ViewArticle.9,1449491824293,52,false,1227,3297,200,http://www.katespade.co.uk/content/ebiz/shop/resources/images/close_1.png,image/png,0,0,46,1,46,47,
R,ViewArticle.10,1449491824293,51,false,1230,777,200,http://www.katespade.co.uk/content/ebiz/shop/resources/images/tmbl_share.jpg,image/jpeg,0,0,46,0,46,46,
R,ViewArticle.8,1449491824293,597,false,458,805,200,https://katespade.scene7.com/is/image/KateSpade/S_S944627SU_664?$colorSwatch$&defaultImage=no-swatch,image/jpeg,0,0,592,0,592,592,
R,ViewArticle.92,1449491824974,106,false,363,33803,200,http://static.ak.facebook.com/connect/xd_arbiter/TlA_zCeMkxl.js?version=41#channel=f29874748270ef6&origin=http%3A%2F%2Fwww.katespade.co.uk,text/html,33,0,45,5,78,83,
R,BrowserShutdown.93,1449491825174,248,false,726,15494,200,https://s-static.ak.facebook.com/connect/xd_arbiter/TlA_zCeMkxl.js?version=41#channel=f29874748270ef6&origin=http%3A%2F%2Fwww.katespade.co.uk,text/html,32,155,0,154,69,223,
R,BrowserShutdown.94,1449491825464,333,false,1038,4218,302,https://www.facebook.com/connect/ping?client_id=737398376351098&domain=www.katespade.co.uk&origin=1&redirect_uri=http%3A%2F%2Fstatic.ak.facebook.com%2Fconnect%2Fxd_arbiter%2FTlA_zCeMkxl.js%3Fversion%3D41%23cb%3Dfdc9b145ec4e26%26domain%3Dwww.katespade.co.uk%26origin%3Dhttp%253A%252F%252Fwww.katespade.co.uk%252Ff29874748270ef6%26relation%3Dparent&response_type=token%2Csigned_request%2Ccode&sdk=joey,text/html,47,198,0,223,105,328,
R,BrowserShutdown.94.1,1449491825804,51,false,363,33803,200,http://static.ak.facebook.com/connect/xd_arbiter/TlA_zCeMkxl.js?version=41#cb=fdc9b145ec4e26&domain=www.katespade.co.uk&origin=http%3A%2F%2Fwww.katespade.co.uk%2Ff29874748270ef6&relation=parent&error=unknown_user,text/html,0,0,36,10,36,46,
A,ViewArticle,1449491814308,11629,true
A,Homepage,1449491875587,3827,false
A,HomepageAgain,1449491879573,2232,false
A,OpenSearchBar,1449491881897,1338,false
A,SearchArticlesOnly,1449491883313,5792,false
A,ViewArticle,1449491889252,13512,false
A,Homepage,1449491987262,3699,false
A,HomepageAgain,1449491991062,2268,false
A,OpenSearchBar,1449491993471,1322,false
A,SearchArticlesOnly,1449491994903,5126,false
A,ViewArticle,1449492000100,11302,false
A,Homepage,1449492068206,3789,false
A,HomepageAgain,1449492072092,2422,false
A,OpenSearchBar,1449492074640,1342,false
A,SearchArticlesOnly,1449492076023,6121,false
A,ViewArticle,1449492082258,7829,false
A,Homepage,1449492191877,3572,false
A,HomepageAgain,1449492195536,1423,false
A,OpenSearchBar,1449492197028,459,false
A,SearchArticlesOnly,1449492197607,2239,false
A,ViewArticle,1449492199932,4869,false
A,Homepage,1449492569991,3331,false
A,HomepageAgain,1449492573445,1606,false
A,OpenSearchBar,1449492575167,440,false
A,SearchArticlesOnly,1449492575669,3389,false
A,ViewArticle,1449492579202,7440,false
A,Homepage,1449492599296,3741,false
A,HomepageAgain,1449492603193,2551,false
A,OpenSearchBar,1449492605813,2547,false
A,SearchArticlesOnly,1449492608431,26349,false
A,ViewArticle,1449492634850,8155,false
R,Homepage.1,1449493295981,470,false,303,475,301,http://www.katespade.co.uk/,text/html,39,0,41,0,82,82,
R,Homepage.1.1,1449493296463,341,false,315,107816,200,http://www.katespade.co.uk/uk/page/home,text/html,0,0,288,50,288,338,
R,Homepage.1.2,1449493296910,43,false,427,954,200,http://www.katespade.co.uk/content/ebiz/shop/resources/images/additional-images/social-icons/instagram.svg,image/svg+xml,0,0,42,0,42,42,
R,Homepage.1.4,1449493296910,86,false,431,794,200,http://www.katespade.co.uk/content/ebiz/shop/resources/images/additional-images/social-icons/youtube-hover.svg,image/svg+xml,41,0,44,0,85,85,
R,Homepage.1.6,1449493296965,67,false,430,738,200,http://www.katespade.co.uk/content/ebiz/shop/resources/images/additional-images/social-icons/tumblr-hover.svg,image/svg+xml,0,0,41,0,41,41,
R,Homepage.1.7,1449493297000,50,false,359,1493,200,http://www.katespade.co.uk/favicon.ico,image/x-icon,0,0,43,0,43,43,
R,Homepage.1.9,1449493297053,47,false,433,1662,200,http://www.katespade.co.uk/content/ebiz/shop/resources/images/additional-images/social-icons/instagram-hover.svg,image/svg+xml,0,0,42,2,42,44,
R,Homepage.1.5,1449493296913,309,false,434,480048,200,http://www.katespade.co.uk/content/ebiz/shop/resources/js/minified/9d17c6e19a19a2ac44e00d14c792cc4e.js?1449131569,application/x-javascript,39,0,48,217,88,305,
R,Homepage.1.8,1449493297038,222,false,446,97180,200,http://www.katespade.co.uk/content/ebiz/shop/resources/images/additional-images/november2015/homepage/pop-promo/pop-promo.jpg,image/jpeg,0,0,49,169,49,218,
R,Homepage.1.11,1449493297240,41,false,425,794,200,http://www.katespade.co.uk/content/ebiz/shop/resources/images/additional-images/social-icons/youtube.svg,image/svg+xml,0,0,40,0,40,40,
R,Homepage.1.12,1449493297262,50,false,408,93560,200,http://www.katespade.co.uk/content/ebiz/shop/resources/js/external/jquery-1.10.2.min.js,application/x-javascript,0,0,39,8,39,47,
R,Homepage.1.13,1449493297285,46,false,433,879,200,http://www.katespade.co.uk/content/ebiz/shop/resources/images/additional-images/social-icons/pinterest-hover.svg,image/svg+xml,0,0,43,0,43,43,
R,Homepage.1.14,1449493297317,48,false,402,1582,200,http://www.katespade.co.uk/content/ebiz/shop/page/topbarhelp/icon-track-order.png,image/png,0,0,45,0,45,45,
R,Homepage.1.10,1449493297105,262,false,334,120474,200,http://fsm.attraqt.com/zones/481af397-d4d4-4fc2-9523-5d6ebd636e29.js,application/javascript,46,0,58,129,105,234,
R,Homepage.1.15,1449493297335,51,false,444,20840,200,http://www.katespade.co.uk/content/ebiz/shop/resources/images/additional-images/september2015/mega/sept-mega-collection.jpg,image/jpeg,0,0,39,5,39,44,
R,Homepage.1.3,1449493296911,500,false,716,48897,200,https://cdns.gigya.com/JS/socialize.js?apikey=3_-MbYO6z0WH8S94QI4RRP3FktT41GMGMuJMTqmQ-s8IddgCMaMbxnCxBKmbJ6sGXW,text/javascript,30,160,0,202,271,473,
R,Homepage.1.16,1449493297367,48,false,401,2876,200,http://www.katespade.co.uk/content/ebiz/shop/resources/images/logo_jackspade.svg,image/svg+xml,0,0,45,1,45,46,
R,Homepage.1.17,1449493297370,82,false,433,19282,200,http://www.katespade.co.uk/content/ebiz/shop/resources/images/additional-images/november2015/homepage/03-mob.jpg,image/jpeg,0,0,39,41,39,80,
R,Homepage.1.19,1449493297417,46,false,431,12189,200,http://www.katespade.co.uk/content/ebiz/shop/resources/images/additional-images/november2015/megamenu/blog.jpg,image/jpeg,0,0,39,5,39,44,
R,Homepage.1.18,1449493297389,85,false,448,46866,200,http://www.katespade.co.uk/content/ebiz/shop/resources/images/additional-images/december2015/homepage/gifts-hero-main-image.jpg,image/jpeg,0,0,40,43,40,83,
R,Homepage.1.21,1449493297454,42,false,368,1263,200,http://www.katespade.co.uk/apple-touch-icon.png,image/png,0,0,41,0,41,41,
R,Homepage.1.20,1449493297423,81,false,432,606,200,http://www.katespade.co.uk/content/ebiz/shop/resources/images/additional-images/social-icons/facebook-hover.svg,image/svg+xml,40,0,41,0,81,81,
R,Homepage.1.22,1449493297466,45,false,405,18548,200,http://www.katespade.co.uk/content/ebiz/shop/resources/css/additional.css?=v05052015,text/css,0,0,40,2,40,42,
R,Homepage.1.23,1449493297476,60,false,396,1756,200,http://www.katespade.co.uk/content/ebiz/shop/page/topbarhelp/icon-email.png,image/png,0,0,56,0,56,56,
R,Homepage.1.24,1449493297499,49,false,391,11001,200,http://www.katespade.co.uk/content/ebiz/shop/resources/images/logo.svg,image/svg+xml,0,0,40,6,40,46,
R,Homepage.1.25,1449493297506,42,false,425,805,200,http://www.katespade.co.uk/content/ebiz/shop/resources/images/additional-images/social-icons/twitter.svg,image/svg+xml,0,0,41,0,41,41,
R,Homepage.1.27,1449493297544,47,false,431,805,200,http://www.katespade.co.uk/content/ebiz/shop/resources/images/additional-images/social-icons/twitter-hover.svg,image/svg+xml,0,0,43,1,43,44,
R,Homepage.1.26,1449493297544,48,false,387,209551,200,http://www.katespade.co.uk/content/ebiz/shop/resources/css/app.css,text/css,0,0,40,6,40,46,
R,Homepage.1.29,1449493297554,65,false,444,13779,200,http://www.katespade.co.uk/content/ebiz/shop/resources/images/additional-images/december2015/homepage/gifts-hero-header.jpg,image/jpeg,0,0,47,15,47,62,
R,Homepage.1.30,1449493297594,55,false,427,879,200,http://www.katespade.co.uk/content/ebiz/shop/resources/images/additional-images/social-icons/pinterest.svg,image/svg+xml,0,0,52,0,52,52,
R,Homepage.1.32,1449493297641,46,false,396,1844,200,http://www.katespade.co.uk/content/ebiz/shop/page/topbarhelp/icon-truck.png,image/png,0,0,44,1,44,45,
R,Homepage.1.33,1449493297654,50,false,435,17841,200,http://www.katespade.co.uk/content/ebiz/shop/resources/images/additional-images/november2015/megamenu/clothing.jpg,image/jpeg,0,0,44,4,44,48,
R,Homepage.1.31,1449493297634,85,false,429,28661,200,http://www.katespade.co.uk/content/ebiz/shop/resources/images/additional-images/november2015/homepage/03.jpg,image/jpeg,0,0,39,45,39,84,
R,Homepage.1.34,1449493297691,47,false,390,50116,200,http://www.katespade.co.uk/content/ebiz/shop/resources/js/JsMerged.js,application/x-javascript,0,0,40,6,40,46,
R,Homepage.1.28,1449493297551,190,false,390,319696,200,http://www.katespade.co.uk/content/ebiz/shop/resources/css/styles.css,text/css,0,0,41,148,41,189,
R,Homepage.1.35,1449493297706,46,false,426,606,200,http://www.katespade.co.uk/content/ebiz/shop/resources/images/additional-images/social-icons/facebook.svg,image/svg+xml,0,0,44,0,44,44,
R,Homepage.1.36,1449493297724,60,false,396,1550,200,http://www.katespade.co.uk/content/ebiz/shop/page/topbarhelp/icon-pages.png,image/png,0,0,56,0,56,56,
R,Homepage.1.37,1449493297741,70,false,301,10611,200,http://cdn.5andp.com/geoip/geoip.js,text/javascript,24,0,38,4,62,66,
R,Homepage.1.38,1449493297781,43,false,396,2008,200,http://www.katespade.co.uk/content/ebiz/shop/page/topbarhelp/icon-phone.png,image/png,0,0,39,1,39,40,
R,Homepage.1.41,1449493297817,44,false,408,43996,200,http://www.katespade.co.uk/content/ebiz/shop/resources/js/Venda/Widget/countrySelect.js,application/x-javascript,0,0,40,1,40,41,
R,Homepage.1.42,1449493297827,54,false,401,2318,200,http://www.katespade.co.uk/content/ebiz/shop/resources/images/icon-live-chat.png,image/png,0,0,51,1,51,52,
R,Homepage.1.40,1449493297784,96,false,434,20610,200,http://www.katespade.co.uk/content/ebiz/shop/resources/images/additional-images/november2015/megamenu/jewelry.jpg,image/jpeg,0,0,43,50,43,93,
R,Homepage.1.43,1449493297862,48,false,437,16873,200,http://www.katespade.co.uk/content/ebiz/shop/resources/images/additional-images/november2015/megamenu/gift-guide.jpg,image/jpeg,0,0,40,4,40,44,
R,Homepage.1.44,1449493297882,45,false,424,738,200,http://www.katespade.co.uk/content/ebiz/shop/resources/images/additional-images/social-icons/tumblr.svg,image/svg+xml,0,0,42,0,42,42,
R,Homepage.1.45,1449493297887,47,false,433,18764,200,http://www.katespade.co.uk/content/ebiz/shop/resources/images/additional-images/november2015/homepage/05-mob.jpg,image/jpeg,0,0,40,5,40,45,
R,Homepage.1.46,1449493297915,54,false,432,15786,200,http://www.katespade.co.uk/content/ebiz/shop/resources/images/additional-images/november2015/megamenu/shoes.jpg,image/jpeg,0,0,41,12,41,53,
R,Homepage.1.39,1449493297784,192,false,444,134744,200,http://www.katespade.co.uk/content/ebiz/shop/resources/images/additional-images/november2015/homepage/pop-promo/pop-mob.jpg,image/jpeg,0,0,39,151,39,190,
R,Homepage.1.47,1449493297932,45,false,398,1726,200,http://www.katespade.co.uk/content/ebiz/shop/page/topbarhelp/icon-returns.png,image/png,0,0,44,0,44,44,
R,Homepage.1.48,1449493297938,45,false,404,2191,200,http://www.katespade.co.uk/content/ebiz/shop/resources/js/external/le-mtagconfig.js,application/x-javascript,0,0,42,0,42,42,
R,Homepage.1.49,1449493297969,46,false,435,15025,200,http://www.katespade.co.uk/content/ebiz/shop/resources/images/additional-images/november2015/megamenu/handbags.jpg,image/jpeg,0,0,40,4,40,44,
R,Homepage.1.50,1449493297979,42,false,394,3751,200,http://www.katespade.co.uk/content/ebiz/shop/resources/images/loading.gif,image/gif,0,0,39,2,39,41,
R,Homepage.1.51,1449493297981,45,false,429,10632,200,http://www.katespade.co.uk/content/ebiz/shop/resources/images/additional-images/november2015/homepage/05.jpg,image/jpeg,0,0,39,4,39,43,
R,Homepage.1.52,1449493297986,45,false,438,19041,200,http://www.katespade.co.uk/content/ebiz/shop/resources/images/additional-images/november2015/megamenu/accessories.jpg,image/jpeg,0,0,39,4,39,43,
R,Homepage.1.53,1449493298019,49,false,439,35571,200,http://www.katespade.co.uk/content/ebiz/shop/resources/images/additional-images/november2015/megamenu/new-arrivals.jpg,image/jpeg,0,0,40,7,40,47,
R,Homepage.1.54,1449493299456,139,false,318,44048,200,http://www.googletagmanager.com/gtm.js?id=GTM-524FM8,application/javascript,32,0,36,42,69,111,
R,Homepage.1,1449493298256,1667,false,881,3591,200,https://geoip.katespade.com/GEOIPv2/geoip.php?source=katespade.co.uk&dtype=undefined&dmodel=undefined&bname=Firefox&bversion=24.0&oname=Windows&oversion=7&rwidth=1024&rheight=768,text/html,200,1086,0,855,698,1553,
R,Homepage.2,1449493300221,135,false,310,26635,200,http://www.google-analytics.com/analytics.js,text/javascript,33,0,32,34,66,100,
R,Homepage.3,1449493304103,21,false,718,386,200,http://www.google-analytics.com/collect?v=1&_v=j40&aip=1&a=1494203088&t=pageview&_s=1&dl=http%3A%2F%2Fwww.katespade.co.uk%2Fuk%2Fpage%2Fhome&ul=en-us&de=windows-1252&dt=kate%20spade%20new%20york%20-%20designer%20handbags%2C%20women's%20clothing%2C%20jewelry%2C%20and%20more!&sd=24-bit&sr=1024x768&vp=1192x750&je=0&fl=9.0%20r31&_u=QGAAgAQ~&jid=507727662&cid=474619106.1449493303&tid=UA-53191646-1&gtm=GTM-524FM8&z=933946267,image/gif,0,0,18,0,18,18,
R,Homepage.4,1449493304186,45,false,780,841,302,http://www.google-analytics.com/r/collect?v=1&_v=j40&aip=1&a=1494203088&t=event&ni=1&_s=1&dl=http%3A%2F%2Fwww.katespade.co.uk%2Fuk%2Fpage%2Fhome&ul=en-us&de=windows-1252&dt=kate%20spade%20new%20york%20-%20designer%20handbags%2C%20women's%20clothing%2C%20jewelry%2C%20and%20more!&sd=24-bit&sr=1024x768&vp=1192x750&je=0&fl=9.0%20r31&ec=undefined&ea=undefined&_u=QGCAAAQAI~&jid=2082677183&cid=474619106.1449493303&tid=UA-53191646-1&_r=1&gtm=GTM-524FM8&cd1=Guest&cd2=ae&cd3=uk&z=977867614,text/html,0,0,38,0,38,38,
R,Homepage.5,1449493304235,177,false,789,4761,302,https://stats.g.doubleclick.net/r/collect?v=1&aip=1&t=dc&_r=3&tid=UA-53191646-1&cid=474619106.1449493303&jid=2082677183&_v=j40&z=977867614,text/html,19,104,0,111,41,152,
R,Homepage.6,1449493304414,292,false,780,4439,302,https://www.google.com/ads/ga-audiences?v=1&aip=1&t=sr&_r=4&tid=UA-53191646-1&cid=474619106.1449493303&jid=2082677183&_v=j40&z=977867614,text/html,18,231,0,137,151,288,
R,Homepage.7,1449493304737,202,false,779,4069,200,https://www.google.de/ads/ga-audiences?v=1&aip=1&t=sr&_r=4&tid=UA-53191646-1&cid=474619106.1449493303&jid=2082677183&_v=j40&z=977867614&ipr=y,image/gif,26,130,0,141,56,197,
R,Homepage.8,1449493304956,124,false,318,4964,200,http://lptag.liveperson.net/tag/tag.js?site=44275250,application/javascript,42,0,36,15,78,93,
R,Homepage.1.55,1449493305218,98,false,860,505,200,http://fsm.attraqt.com/zones-js.aspx?version=2.20.1&siteId=481af397-d4d4-4fc2-9523-5d6ebd636e29&UID=0cc29fd7-cce3-6a22-e4f6-576f7e3cc7b6&SID=7379fd3e-9380-43ce-a81f-34c2ced2f68c&referrer=&sitereferrer=&pageurl=http%3A%2F%2Fwww.katespade.co.uk%2Fuk%2Fpage%2Fhome&facetmode=html&mergehash=false&currency=GBP&config_categorytree=&config_category=&config_parentcategorytree=&config_parentcategory=&config_usgrref=&config_accessoryskus=&config_pagetype=unknown&config_fsm_sid=7379fd3e-9380-43ce-a81f-34c2ced2f68c&config_fsm_returnuser=0&config_fsm_currentvisit=07%2F12%2F2015&config_fsm_visitcount=1,text/javascript,41,0,54,0,95,95,
R,Homepage.1.56,1449493305394,32,false,522,965,302,https://stats.g.doubleclick.net/r/collect?t=dc&aip=1&_r=3&v=1&_v=j40&tid=UA-53191646-1&cid=474619106.1449493303&jid=507727662&_u=QGAAgAQ~&z=1272078073,text/html,0,1,27,0,28,28,
R,Homepage.1.57,1449493305429,42,false,506,853,302,https://www.google.com/ads/ga-audiences?v=1&aip=1&t=sr&_r=4&tid=UA-53191646-1&cid=474619106.1449493303&jid=507727662&_v=j40&z=1272078073,text/html,0,0,37,0,37,37,
R,Homepage.1.58,1449493305474,42,false,506,485,200,https://www.google.de/ads/ga-audiences?v=1&aip=1&t=sr&_r=4&tid=UA-53191646-1&cid=474619106.1449493303&jid=507727662&_v=j40&z=1272078073&ipr=y,image/gif,0,0,39,0,39,39,
R,Homepage.9,1449493305237,743,false,376,6795,200,http://tags.liveperson.net/lptag/api/account/44275250/configuration/applications/taglets/.jsonp?df=0&s=default,application/x-javascript,49,0,326,332,376,708,
R,Homepage.6,1449493306090,45,false,343,2881,200,http://www.katespade.co.uk/content/ebiz/shop/resources/images/sprite_icon.gif,image/gif,0,0,41,1,41,42,
R,Homepage.10,1449493306119,196,false,329,18061,200,http://server.lon.liveperson.net/hcp/html/mTag.js?site=44275250,application/javascript,46,0,58,81,104,185,
A,Homepage,1449493295954,10415,false
R,HomepageAgain.2,1449493306512,43,false,303,475,301,http://www.katespade.co.uk/,text/html,0,0,41,0,41,41,
R,HomepageAgain.11,1449493306514,140,false,336,83975,200,http://server.lon.liveperson.net/hc/s-44275250/?cmd=lpTagGetJsSnippets,application/x-javascript,0,0,42,95,42,137,
R,HomepageAgain.12,1449493306681,42,false,504,548,200,http://server.lon.liveperson.net/hc/44275250/?site=44275250&cmd=lpTagRepstateMulti&lpCallId=711087090550-0&c=1&cbf=lpTagConfig.tagPlugins.feedsManager.feeds.repAv._update&sta=-1~1~0,application/x-javascript,0,0,40,0,40,40,
R,HomepageAgain.13,1449493306730,60,false,614,56401,200,http://server.lon.liveperson.net/hc/44275250/?&site=44275250&cmd=mTagKnockPage&lpCallId=305775074824-028010766690&protV=20&lpjson=1&id=262241560&javaSupport=false&visitorStatus=INSITE_STATUS&dbut=chat-sales-english-default%7Cnull%7ClpButtonDiv%7C%23chat-sales-english%7Cnull%7ClpButtonDiv%7C,application/x-javascript,0,0,42,16,42,58,
R,HomepageAgain.2.1,1449493306557,348,false,315,107816,200,http://www.katespade.co.uk/uk/page/home,text/html,0,0,291,55,291,346,
R,HomepageAgain.14,1449493306815,399,false,816,341394,200,https://cdn.5andp.com/brand/katespadeuk/liveperson/LiveChat_Button.jpg,image/jpeg,24,372,0,343,54,397,
R,HomepageAgain.15,1449493307239,761,false,770,5394,200,https://sales.liveperson.net/visitor/liveperson/chat-button/transparent.gif,image/gif,110,533,0,521,235,756,
R,HomepageAgain.16,1449493308073,265,false,602,501,200,https://geoip.katespade.com/GEOIPv2/geoip.php?source=katespade.co.uk&dtype=undefined&dmodel=undefined&bname=Firefox&bversion=24.0&oname=Windows&oversion=7&rwidth=1024&rheight=768,text/html,0,0,253,0,253,253,
R,HomepageAgain.18,1449493309379,28,false,721,386,200,http://www.google-analytics.com/collect?v=1&_v=j40&aip=1&a=1901571623&t=pageview&_s=1&dl=http%3A%2F%2Fwww.katespade.co.uk%2Fuk%2Fpage%2Fhome&ul=en-us&de=windows-1252&dt=kate%20spade%20new%20york%20-%20designer%20handbags%2C%20women's%20clothing%2C%20jewelry%2C%20and%20more!&sd=24-bit&sr=1024x768&vp=1192x750&je=0&fl=9.0%20r31&_u=QGAAgAQ~&jid=2100448567&cid=2103397490.1449493308&tid=UA-53191646-1&gtm=GTM-524FM8&z=1127910220,image/gif,0,0,23,0,23,23,
R,HomepageAgain.20,1449493309620,95,false,433,6798,200,http://tags.liveperson.net/lptag/api/account/44275250/configuration/applications/taglets/.jsonp?df=0&s=default,application/x-javascript,41,0,53,0,94,94,
R,HomepageAgain.2.55,1449493309793,100,false,896,505,200,http://fsm.attraqt.com/zones-js.aspx?version=2.20.1&siteId=481af397-d4d4-4fc2-9523-5d6ebd636e29&UID=5577846b-2ae7-cc87-3334-47e2b81fd927&SID=b8b9246e-408e-f9b3-4107-b7d29143d009&referrer=&sitereferrer=&pageurl=http%3A%2F%2Fwww.katespade.co.uk%2Fuk%2Fpage%2Fhome&facetmode=html&mergehash=false&currency=GBP&config_categorytree=&config_category=&config_parentcategorytree=&config_parentcategory=&config_usgrref=&config_accessoryskus=&config_pagetype=unknown&config_fsm_sid=b8b9246e-408e-f9b3-4107-b7d29143d009&config_fsm_returnuser=1&config_fsm_currentvisit=07%2F12%2F2015&config_fsm_visitcount=2&config_fsm_lastvisit=07%2F12%2F2015,text/javascript,42,0,56,0,98,98,
R,HomepageAgain.2.56,1449493310143,38,false,522,965,302,https://stats.g.doubleclick.net/r/collect?t=dc&aip=1&_r=3&v=1&_v=j40&tid=UA-53191646-1&cid=2103397490.1449493308&jid=2100448567&_u=QGAAgAQ~&z=44461113,text/html,0,0,29,0,29,29,
R,HomepageAgain.22,1449493310153,65,false,834,55717,200,http://server.lon.liveperson.net/hc/44275250/?&visitor=1718801377661359&msessionkey=2809855599545297541&siteContainer=STANDALONE&site=44275250&cmd=mTagKnockPage&lpCallId=647070008871-483871058031&protV=20&lpjson=1&id=2000000283&javaSupport=false&visitorStatus=INSITE_STATUS&dbut=chat-sales-english-default%7Cnull%7ClpButtonDiv%7C%23chat-sales-english%7Cnull%7ClpButtonDiv%7C,application/x-javascript,0,0,44,18,44,62,
R,HomepageAgain.2.57,1449493310183,55,false,506,853,302,https://www.google.com/ads/ga-audiences?v=1&aip=1&t=sr&_r=4&tid=UA-53191646-1&cid=2103397490.1449493308&jid=2100448567&_v=j40&z=44461113,text/html,0,0,48,0,48,48,
R,HomepageAgain.2.58,1449493310243,49,false,506,485,200,https://www.google.de/ads/ga-audiences?v=1&aip=1&t=sr&_r=4&tid=UA-53191646-1&cid=2103397490.1449493308&jid=2100448567&_v=j40&z=44461113&ipr=y,image/gif,0,0,39,0,39,39,
R,HomepageAgain.23,1449493310277,53,false,1718,4478,200,http://server.lon.liveperson.net/hc/44275250/?&visitor=1718801377661359&msessionkey=2809855599545297541&siteContainer=STANDALONE&site=44275250&cmd=mTagStartPage&lpCallId=453810810434-606566097986&protV=20&lpjson=1&page=http%3A//www.katespade.co.uk/uk/page/home&id=2000000283&javaSupport=false&visitorStatus=INSITE_STATUS&activePlugin=none&cobrowse=true&PV%21unit=sales&PV%21Section=Marketing&PV%21Currency=GBP&PV%21HelpHover=false&PV%21CartTotal=0.00&PV%21lpTagVer=1.5.1&PV%21ErrorCounter=0&PV%21visitorActive=1&SV%21language=english&SV%21Country=UK&title=kate%20spade%20new%20york%20-%20designer%20handbags%2C%20women%27s%20clothing%2C%20jewelry%2C%20and%20more%21&cobrowse=true&cookie=SID%3D42e870f69f7782680fbb8c87d8ee1241%3B%20locn%3Duk%3B%20GEOIP_set%3Dtrue%3B%20GEOIP_ip%3D195.202.38.154%3B%20GEOIP_ccode%3DDE%3B%20GEOIP_ccode3%3DDEU%3B%20GEOIP_cname%3DGermany%3B%20GEOIP_region%3D10%3B%20GEOIP_city%3DHusum%3B%20GEOIP_postal%3D%3B%20GEOIP_redirect%3D%3B%20_ga%3DGA1.3.2103397490.1449493308%3B%20_dc_gtm_UA-53191646-1%3D1%3B%20LMUID%3D5577846b-2ae7-cc87-3334-47e2b81fd927%3B%20LMSID%3Db8b9246e-408e-f9b3-4107-b7d29143d009%3B%2044275250-VID%3D1718801377661359%3B%2044275250-SKEY%3D2809855599545297541%3B%20HumanClickSiteContainerID_44275250%3DSTANDALONE,application/x-javascript,0,0,49,0,49,49,
R,HomepageAgain.24,1449493310352,78,false,946,563,200,http://server.lon.liveperson.net/hc/44275250/?&site=44275250&cmd=mTagUrl&lpCallId=331557723207-444577380279&protV=20&lpjson=1&SV%21impression-query-name=chat-sales-english&SV%21impression-query-room=chat-sales-english&id=2000000283&info=button-impression%3Achat-sales-english%28kate%20spade%20new%20york%20-%20designer%20handbags%2C%20women%27s%20clothing%2C%20jewelry%2C%20and%20more%21%29&waitForVisitor=true&d=1449493310342&page=http%3A//server.lon.liveperson.net/hcp/width/img40.gif,application/x-javascript,0,0,52,0,52,52,
A,HomepageAgain,1449493306432,4105,false
R,HomepageAgain.25,1449493310566,44,false,663,537,200,http://server.lon.liveperson.net/hc/44275250/?lpCallId=812681582209-604642559630&protV=20&lpjson=5&site=44275250&cmd=leVisitorEvent&type=impression&appKey=f907f2d9acd64b7f8c00b83bed3c2822&data=dynBut%3A9,application/x-javascript,0,0,41,0,41,41,
R,OpenSearchBar.26,1449493310620,58,false,768,632,200,http://server.lon.liveperson.net/hc/44275250/?&site=44275250&cmd=mTagInPage&lpCallId=951535671561-591233405712&protV=20&lpjson=1&page=http%3A//www.katespade.co.uk/uk/page/home&id=2000000283&javaSupport=false&visitorStatus=INSITE_STATUS&activePlugin=none&cobrowse=true&SV%21Resolution=1024%2C768&cobrowse=true,application/x-javascript,0,0,48,0,48,48,
A,OpenSearchBar,1449493310608,1124,false
R,SearchArticlesOnly.3,1449493312148,459,false,513,99809,200,http://www.katespade.co.uk/page/search?q=shoe,text/html,0,0,375,72,375,447,
R,SearchArticlesOnly.11,1449493312647,293,false,586,458685,200,http://www.katespade.co.uk/content/ebiz/shop/resources/js/minified/7c241148382bf1fcfcee68fd66d30144.js?1449131584,application/x-javascript,0,0,45,233,45,278,
R,SearchArticlesOnly.27,1449493312997,259,false,618,501,200,https://geoip.katespade.com/GEOIPv2/geoip.php?source=katespade.co.uk&dtype=undefined&dmodel=undefined&bname=Firefox&bversion=24.0&oname=Windows&oversion=7&rwidth=1024&rheight=768,text/html,0,0,250,0,250,250,
A,Homepage,1449493324113,4014,false
A,HomepageAgain,1449493328272,1376,false
A,OpenSearchBar,1449493329719,433,false
A,SearchArticlesOnly,1449493330224,2882,false
A,ViewArticle,1449493333166,5023,false
